{
  "participation:8ad73e1f88b341ada0e456bf06c20578": {
    "chat_id": "-1003150753732",
    "user_id": "6774558397",
    "username": "@space_selfie",
    "choice": 3
  },
  "participation:b4e47274bd5c4396bec3ed3ce3e8f00b": {
    "chat_id": "-1003150753732",
    "user_id": "6774558397",
    "username": "@space_selfie",
    "choice": 2
  },
  "participation:2f483dfda70c4637bad533e13d6e67c3": {
    "chat_id": "-1003150753732",
    "user_id": "6774558397",
    "username": "@space_selfie",
    "choice": 1
  },
  "participation:81134dc8755a45f48a7bdd284a0693d8": {
    "chat_id": "-1003150753732",
    "user_id": "6774558397",
    "username": "@space_selfie",
    "choice": 6
  },
  "participation:ed9a15191b40464aa50085823db1dd91": {
    "chat_id": "-1003150753732",
    "user_id": "6774558397",
    "username": "@space_selfie",
    "choice": 1
  },
  "participation:5ccb979e67ec496fbaf39d9f6c7bd49a": {
    "chat_id": "-1003150753732",
    "user_id": "6774558397",
    "username": "@space_selfie",
    "choice": 2
  },
  "participation:99f140f900534ac6bfb0c4755c4f34d1": {
    "chat_id": "-1003150753732",
    "user_id": "6774558397",
    "username": "@space_selfie",
    "choice": 5
  },
  "participation:34d9a2ad1b5d450d9d80386509696703": {
    "chat_id": "-1003150753732",
    "user_id": "6774558397",
    "username": "@space_selfie",
    "choice": 4
  },
  "participation:c0fd4fbb28b54766b6063ec1ee94721a": {
    "chat_id": "-1003150753732",
    "user_id": "6774558397",
    "username": "@space_selfie",
    "choice": 3
  },
  "participation:2d16ec6ac6234592a570d5dcfa3fa9b0": {
    "chat_id": "-1002846276944",
    "user_id": "5085599029",
    "username": "@xe1520",
    "choice": 4
  },
  "participation:11dda90ceb3949429f0530b95cbca503": {
    "chat_id": "-1002746518057",
    "user_id": "5085599029",
    "username": "@xe1520",
    "choice": 4
  },
  "participation:f69efe010c5b42eb96bac6aa2f5c2c47": {
    "chat_id": "-1003150753732",
    "user_id": "6774558397",
    "username": "@space_selfie",
    "choice": 1
  },
  "participation:78cfd509dbcc483a9aeaddeb996cf781": {
    "chat_id": "-1003150753732",
    "user_id": "6774558397",
    "username": "@space_selfie",
    "choice": 1
  },
  "participation:24c2dc10ef644f339422544046c373c6": {
    "chat_id": "-1003150753732",
    "user_id": "5085599029",
    "username": "@xe1520",
    "choice": 2
  },
  "participation:2c2ee2c0391b40a69f3dfa5ddb9a0757": {
    "chat_id": "-1003150753732",
    "user_id": "6774558397",
    "username": "@space_selfie",
    "choice": 4
  }
}